Target,Feature,Normal_Mean,Normal_Std,Event_Mean,Event_Std,Diff_Percent
anxiety,total_sleep,379.56624304460536,98.76488980973433,384.4764390049256,99.0056244010952,1.2936334698613428
anxiety,rem_sleep,114.39362893008061,37.615914336259294,116.57218877123086,36.06397944481937,1.9044415860622974
anxiety,heart_beat,78.45747878908384,7.543281175374279,78.80070951937522,7.539945166090013,0.43747356604981374
anxiety,hrv,25.375606175859847,19.45158945725809,24.902505682935324,20.01515262052277,-1.8643909022145446
anxiety,walk,4833.517990914672,3471.708581169801,4673.716472146841,3219.367130330216,-3.3061120092694853
anxiety,stick_sensor,10.8680919423836,5.036548562833739,11.008753805533326,9.206210128120945,1.2942645672803863
anxiety,body_temperature,35.31980601297555,0.9613090819718297,35.22333823862971,1.6097892805583032,-0.2731265690145633
anxiety,skin_temperature,28.831941444388956,3.1330893906975668,28.681204894420567,3.3775186550717056,-0.5228109604035159
anxiety,oxygen_saturation,97.40994645167753,0.5414596901700673,97.40947235342486,0.4603668487312092,-0.0004867041507944615
