Target,Feature,Normal_Mean,Normal_Std,Event_Mean,Event_Std,Diff_Percent
depression,total_sleep,381.32296247093984,97.05748335423878,384.137678462508,99.96882453983412,0.7381448977866552
depression,rem_sleep,115.34088342743276,37.080065708697575,116.94968845094917,36.566949304319365,1.3948263405911898
depression,heart_beat,78.54415906147165,7.52424446342434,78.8043984368939,7.607565225078522,0.3313287436416319
depression,hrv,25.39719694356017,20.96189858572901,24.65507452375664,18.496182277285534,-2.922064279190891
depression,walk,4838.539900669549,3540.2970753141685,4730.977764799125,3240.824703575549,-2.2230288078339417
depression,stick_sensor,10.877507994174163,5.149543500278245,11.100531184550652,9.327427811404213,2.0503151134978457
depression,body_temperature,35.26467882011613,1.454280408120921,35.19162474188327,1.6990345122362518,-0.20715934662416985
depression,skin_temperature,28.76935601055896,3.2458859452694138,28.617776204558172,3.4308957108721603,-0.5268793849440114
depression,oxygen_saturation,97.40574180285047,0.5550638976325263,97.4022494677478,0.5258441228364924,-0.0035853482947095193
