Target,Feature,Normal_Mean,Normal_Std,Event_Mean,Event_Std,Diff_Percent
stress,total_sleep,382.1924364379117,97.50640861587209,382.81736897746066,98.93020130821601,0.1635125345162348
stress,rem_sleep,114.85569317457247,37.3663525269725,116.05935098877839,36.53248507127515,1.047974010636505
stress,heart_beat,78.31380063311906,7.429221995435524,78.76778671708345,7.611501606137855,0.5797012535392178
stress,hrv,25.31481125263716,18.373113045456677,25.074611616644276,20.182174511791963,-0.9488501952305137
stress,walk,4921.976804641302,3731.7014326428935,4684.533083645196,3180.0113940987653,-4.824153595608223
stress,stick_sensor,10.731635069850025,4.908014316240224,11.005094430712655,8.182286134050043,2.54816119894814
stress,body_temperature,35.29756324023115,0.9713743360474115,35.20341127139695,1.7394547230180266,-0.26673787137488647
stress,skin_temperature,28.751714085713072,3.1947528139953154,28.679543321837762,3.3887885268258535,-0.2510137783791182
stress,oxygen_saturation,97.40294677043624,0.5640526576175511,97.40297801151776,0.5323196131842783,3.207406197798323e-05
